2026-06-29_17-46-09,0,draft.go:2026-06-29_17-46-09
2026-06-29_17-49-03,0,draft.go:2026-06-29_17-49-03
2026-06-29_17-49-20,0,draft.go:2026-06-29_17-49-20
2026-06-29_17-55-42,6,draft.go:2026-06-29_17-55-42
2026-06-29_17-57-39,0,draft.go:2026-06-29_17-57-39
2026-06-29_17-57-49,6,draft.go:2026-06-29_17-57-49
2026-06-29_18-05-57,6,draft.go:2026-06-29_18-05-57
2026-06-29_18-06-30,6,draft.go:2026-06-29_18-06-30
2026-06-29_18-07-10,6,draft.go:2026-06-29_18-07-10
2026-06-29_18-20-37,93,draft.go:2026-06-29_18-20-37
2026-06-29_18-30-25,100,draft.go:2026-06-29_18-30-25
