2026-04-07_22-47-26,83,main.go:2026-04-07_22-47-26
2026-04-07_22-50-31,100,main.go:2026-04-07_22-50-31
2026-06-02_18-02-52,16,main.go:2026-06-02_18-02-52
2026-06-02_18-09-25,33,main.go:2026-06-02_18-09-25
2026-06-02_18-14-08,50,main.go:2026-06-02_18-14-08
2026-06-02_18-22-16,66,main.go:2026-06-02_18-22-16
2026-06-02_18-23-13,66,main.go:2026-06-02_18-23-13
2026-06-02_18-31-09,0,main.go:2026-06-02_18-31-09
2026-06-02_18-31-33,83,main.go:2026-06-02_18-31-33
2026-06-02_18-32-55,100,main.go:2026-06-02_18-32-55
