2026-06-13_22-20-11,0,main.go:2026-06-13_22-20-11
2026-06-13_22-35-26,0,main.go:2026-06-13_22-35-26
2026-06-13_22-37-08,0,main.go:2026-06-13_22-37-08
2026-06-13_22-37-12,0,main.go:2026-06-13_22-37-12
2026-06-13_22-37-23,0,main.go:2026-06-13_22-37-23
2026-06-13_22-37-41,0,main.go:2026-06-13_22-37-41
2026-06-13_22-37-45,0,main.go:2026-06-13_22-37-45
2026-06-13_22-37-48,0,main.go:2026-06-13_22-37-48
2026-06-13_22-40-11,0,main.go:2026-06-13_22-40-11
2026-06-13_22-40-36,0,main.go:2026-06-13_22-40-36
2026-06-13_22-41-01,0,main.go:2026-06-13_22-41-01
2026-06-13_22-41-22,0,main.go:2026-06-13_22-41-22
2026-06-13_22-56-33,0,main.go:2026-06-13_22-56-33
2026-06-13_22-58-40,100,main.go:2026-06-13_22-58-40
