2026-04-07_10-35-25,0,main.go:2026-04-07_10-35-25;pen.go:2026-04-07_10-35-25
2026-04-07_10-35-31,0,main.go:2026-04-07_10-35-25;pen.go:2026-04-07_10-35-25
2026-04-07_10-41-29,0,main.go:2026-04-07_10-35-25;pen.go:2026-04-07_10-35-25
2026-04-29_10-38-23,0,main.go:2026-04-29_10-38-23;pen.go:2026-04-07_10-35-25
2026-06-02_18-35-37,0,draft.go:2026-06-02_18-35-37
2026-06-02_19-05-37,100,draft.go:2026-06-02_19-05-37
2026-06-02_19-18-15,100,main.go:2026-06-02_19-18-15
2026-06-02_19-21-15,25,main.go:2026-06-02_19-21-15;stack.go:2026-06-02_19-21-15
2026-06-06_16-48-53,100,main.go:2026-06-06_16-48-53
2026-06-06_17-08-46,0,main.go:2026-06-06_17-08-46
2026-06-06_17-09-05,100,main.go:2026-06-06_17-09-05
