2026-03-11_12-26-05,0,draft.go:2026-03-11_12-26-05
2026-03-11_12-26-27,100,draft.go:2026-03-11_12-26-27
2026-03-11_12-26-37,---,draft.go:2026-03-11_12-26-27
2026-03-11_12-27-22,---,draft.go:2026-03-11_12-26-27
2026-03-11_12-28-12,100,draft.go:2026-03-11_12-26-27
2026-03-11_12-30-05,100,draft.go:2026-03-11_12-26-27
2026-03-11_12-30-07,100,draft.go:2026-03-11_12-26-27
2026-03-11_12-30-08,100,draft.go:2026-03-11_12-26-27
2026-03-11_12-30-08,100,draft.go:2026-03-11_12-26-27
2026-03-11_12-30-09,100,draft.go:2026-03-11_12-26-27
2026-03-11_12-30-09,100,draft.go:2026-03-11_12-26-27
2026-03-11_12-30-10,100,draft.go:2026-03-11_12-26-27
2026-03-11_12-30-10,100,draft.go:2026-03-11_12-26-27
2026-03-11_12-30-10,100,draft.go:2026-03-11_12-26-27
2026-03-11_12-30-11,100,draft.go:2026-03-11_12-26-27
2026-03-11_12-30-12,100,draft.go:2026-03-11_12-26-27
2026-03-11_12-30-12,100,draft.go:2026-03-11_12-26-27
2026-03-11_12-30-13,100,draft.go:2026-03-11_12-26-27
2026-03-11_12-30-13,100,draft.go:2026-03-11_12-26-27
2026-03-11_12-30-14,100,draft.go:2026-03-11_12-26-27
2026-03-11_12-30-15,100,draft.go:2026-03-11_12-26-27
2026-03-11_12-30-17,100,draft.go:2026-03-11_12-26-27
2026-03-11_12-30-17,100,draft.go:2026-03-11_12-26-27
2026-03-11_12-30-18,100,draft.go:2026-03-11_12-26-27
2026-03-11_12-30-19,100,draft.go:2026-03-11_12-26-27
2026-03-11_12-30-19,100,draft.go:2026-03-11_12-26-27
2026-03-11_12-30-20,100,draft.go:2026-03-11_12-26-27
2026-03-11_12-30-20,100,draft.go:2026-03-11_12-26-27
2026-03-11_12-30-20,100,draft.go:2026-03-11_12-26-27
2026-03-11_12-30-21,100,draft.go:2026-03-11_12-26-27
2026-03-11_12-30-50,0,draft.go:2026-03-11_12-30-50
2026-03-11_12-30-52,0,draft.go:2026-03-11_12-30-50
2026-03-11_12-30-54,0,draft.go:2026-03-11_12-30-50
2026-03-11_12-30-55,0,draft.go:2026-03-11_12-30-50
2026-03-11_12-30-55,0,draft.go:2026-03-11_12-30-50
2026-03-11_12-30-55,0,draft.go:2026-03-11_12-30-50
2026-03-11_12-31-00,100,draft.go:2026-03-11_12-31-00
